Name,Image
Admiral,https://vignette.wikia.nocookie.net/animalcrossing/images/0/07/Admiral_HD.png/revision/latest/scale-to-width-down/350?cb=20180518160412
Agent_S,https://vignette.wikia.nocookie.net/animalcrossing/images/a/a7/Agent_S_NH.png/revision/latest?cb=20200309020615
Agnes,https://vignette.wikia.nocookie.net/animalcrossing/images/4/42/Agnes_NH.png/revision/latest/scale-to-width-down/267?cb=20200321211513
Al,https://vignette.wikia.nocookie.net/animalcrossing/images/b/b0/Al_NewHorizons.png/revision/latest?cb=20200408175037
Alfonso,https://vignette.wikia.nocookie.net/animalcrossing/images/d/d8/Alfonso_NewHorizons.png/revision/latest?cb=20200408175408
Alice,https://vignette.wikia.nocookie.net/animalcrossing/images/e/e7/Alice_NewHorizons.png/revision/latest/scale-to-width-down/350?cb=20200412225706
Alli,https://vignette.wikia.nocookie.net/animalcrossing/images/8/83/Alli_NewHorizons.png/revision/latest?cb=20200412225958
Amelia,https://vignette.wikia.nocookie.net/animalcrossing/images/a/ab/Amelia_NH.png/revision/latest/scale-to-width-down/350?cb=20200226235804
Anabelle,https://vignette.wikia.nocookie.net/animalcrossing/images/4/43/Anabelle_-_Animal_Crossing_New_Leaf.png/revision/latest/scale-to-width-down/350?cb=20130707205603
Anchovy,https://vignette.wikia.nocookie.net/animalcrossing/images/4/40/Anchovy_NewLeaf_Official.png/revision/latest/scale-to-width-down/274?cb=20130721164756
Ankha,https://vignette.wikia.nocookie.net/animalcrossing/images/7/7e/Ankha_NLa.png/revision/latest?cb=20200413172251
Angus,https://vignette.wikia.nocookie.net/animalcrossing/images/6/6d/Angus_NewLeaf_Official.png/revision/latest/scale-to-width-down/302?cb=20130818035925
Anicotti,https://vignette.wikia.nocookie.net/animalcrossing/images/2/2e/Anicotti_NewLeaf_Official.png/revision/latest?cb=20130721165013
Annalisa,https://vignette.wikia.nocookie.net/animalcrossing/images/6/6a/CTRP_EAA_NPC-ant08_1_R_ad.png/revision/latest/scale-to-width-down/350?cb=20180312015133
Annalise,https://vignette.wikia.nocookie.net/animalcrossing/images/6/61/Annalise_NewLeaf_Official.png/revision/latest/scale-to-width-down/340?cb=20160930050833
Antonio,https://vignette.wikia.nocookie.net/animalcrossing/images/e/e5/Antonio_NewLeaf_Official.png/revision/latest/scale-to-width-down/350?cb=20130818040026
Apollo,https://vignette.wikia.nocookie.net/animalcrossing/images/0/0c/NH-Apollo-Render.png/revision/latest/scale-to-width-down/350?cb=20200202215708
Apple,https://vignette.wikia.nocookie.net/animalcrossing/images/4/44/Apple_Villager.png/revision/latest?cb=20160504222447
Astrid,https://vignette.wikia.nocookie.net/animalcrossing/images/e/ed/Astrid_NL.png/revision/latest?cb=20130816174546
Audie,https://vignette.wikia.nocookie.net/animalcrossing/images/3/32/Audie_NH.jpg/revision/latest?cb=20200316200604
Aurora,https://vignette.wikia.nocookie.net/animalcrossing/images/9/9c/NH-Aurora-Render.png/revision/latest/scale-to-width-down/350?cb=20200202215217
Ava,https://vignette.wikia.nocookie.net/animalcrossing/images/b/bc/Ava_NewLeaf_Official.png/revision/latest/scale-to-width-down/350?cb=20130721171323
Avery,https://vignette.wikia.nocookie.net/animalcrossing/images/d/dd/Avery_NH.png/revision/latest/scale-to-width-down/350?cb=20200227000314
Axel,https://vignette.wikia.nocookie.net/animalcrossing/images/6/68/Axel_NewLeaf_Official.png/revision/latest/scale-to-width-down/343?cb=20130818040134
Baabara,https://vignette.wikia.nocookie.net/animalcrossing/images/2/2a/Baabara_NH_render.png/revision/latest/scale-to-width-down/350?cb=20200321204640
Bam,https://vignette.wikia.nocookie.net/animalcrossing/images/b/ba/Bam_NewLeaf_Official.png/revision/latest/scale-to-width-down/350?cb=20140210200209
Bangle,https://vignette.wikia.nocookie.net/animalcrossing/images/6/68/Bangle_NH.png/revision/latest/scale-to-width-down/291?cb=20200308194154
Barold,https://vignette.wikia.nocookie.net/animalcrossing/images/6/67/Barold_HD.png/revision/latest/scale-to-width-down/350?cb=20180518161236
Beau,https://vignette.wikia.nocookie.net/animalcrossing/images/0/06/Beau_HD.png/revision/latest/scale-to-width-down/350?cb=20180405150116
Bea,https://vignette.wikia.nocookie.net/animalcrossing/images/3/39/Bea_HD.png/revision/latest/scale-to-width-down/350?cb=20180518161832
Beardo,https://vignette.wikia.nocookie.net/animalcrossing/images/f/f9/Beardo_HHD.png/revision/latest?cb=20160624003458
Becky,https://vignette.wikia.nocookie.net/animalcrossing/images/4/41/Becky_NewLeaf_Official.png/revision/latest/scale-to-width-down/350?cb=20130721172323
Bella,https://vignette.wikia.nocookie.net/animalcrossing/images/e/e4/Bella_NewLeaf_Official.png/revision/latest/scale-to-width-down/324?cb=20130721172434
Benedict,https://vignette.wikia.nocookie.net/animalcrossing/images/d/d0/Benedict_NewLeaf_Official.png/revision/latest/scale-to-width-down/350?cb=20130721172612
Benjamin,https://vignette.wikia.nocookie.net/animalcrossing/images/7/7f/Benjamin_HD.png/revision/latest/scale-to-width-down/350?cb=20180518161900
Bertha,https://vignette.wikia.nocookie.net/animalcrossing/images/8/83/Bertha_NewLeaf_Official.png/revision/latest/scale-to-width-down/350?cb=20130721172833
Bettina,https://vignette.wikia.nocookie.net/animalcrossing/images/b/bd/Bettina_NH.png/revision/latest?cb=20200308192230
Bianca,https://vignette.wikia.nocookie.net/animalcrossing/images/6/6f/Bianca_NH.png/revision/latest/scale-to-width-down/293?cb=20200308194448
Biff,https://vignette.wikia.nocookie.net/animalcrossing/images/7/7f/Biff_NewLeaf_Official.png/revision/latest/scale-to-width-down/350?cb=20130721173751
Big_Top,https://vignette.wikia.nocookie.net/animalcrossing/images/2/26/Big_Top_-_Animal_Crossing_New_Leaf.png/revision/latest/scale-to-width-down/350?cb=20130707210448
Bill,https://vignette.wikia.nocookie.net/animalcrossing/images/5/53/Bill_NewLeaf_Official.png/revision/latest/scale-to-width-down/316?cb=20130721173919
Billy,https://vignette.wikia.nocookie.net/animalcrossing/images/c/cb/Billy_HD.png/revision/latest/scale-to-width-down/350?cb=20180518163200
Biskit,https://vignette.wikia.nocookie.net/animalcrossing/images/d/df/Biskit_NewLeaf_Official.png/revision/latest/scale-to-width-down/309?cb=20130721174109
Bitty,https://vignette.wikia.nocookie.net/animalcrossing/images/2/25/Bitty_HD.png/revision/latest/scale-to-width-down/350?cb=20180518163632
Blaire,https://vignette.wikia.nocookie.net/animalcrossing/images/c/c8/Blair_NH.png/revision/latest?cb=20200309020636
Blanche,https://vignette.wikia.nocookie.net/animalcrossing/images/d/df/Blanche_NH.png/revision/latest/scale-to-width-down/265?cb=20200308184757
Bluebear,https://vignette.wikia.nocookie.net/animalcrossing/images/e/e6/Bluebear_-_Animal_Crossing_New_Leaf.png/revision/latest/scale-to-width-down/306?cb=20130707210538
Bob,https://vignette.wikia.nocookie.net/animalcrossing/images/b/be/175px-Bob_NLa.png/revision/latest?cb=20200413200623
Bonbon,https://vignette.wikia.nocookie.net/animalcrossing/images/c/cc/Bonbon_NH.png/revision/latest/scale-to-width-down/245?cb=20200321103645
Bones,https://vignette.wikia.nocookie.net/animalcrossing/images/7/70/Bones_NewLeaf_Official.png/revision/latest/scale-to-width-down/309?cb=20130721174243
Boomer,https://vignette.wikia.nocookie.net/animalcrossing/images/b/b4/Boomer_NewLeaf_Official.png/revision/latest/scale-to-width-down/350?cb=20130721174546
Boone,https://vignette.wikia.nocookie.net/animalcrossing/images/3/32/Boone_NewHorizons.png/revision/latest/scale-to-width-down/350?cb=20200408115254
Boots,https://vignette.wikia.nocookie.net/animalcrossing/images/7/7c/Boots_HD.png/revision/latest/scale-to-width-down/350?cb=20180518155728
Boris,https://vignette.wikia.nocookie.net/animalcrossing/images/5/5e/BorisACNL.png/revision/latest?cb=20161211203109
Boyd,https://vignette.wikia.nocookie.net/animalcrossing/images/f/f1/Boyd_HD.png/revision/latest/scale-to-width-down/350?cb=20180518163411
Bree,https://vignette.wikia.nocookie.net/animalcrossing/images/c/c8/BreeNL.png/revision/latest?cb=20190107181759
Broccolo,https://vignette.wikia.nocookie.net/animalcrossing/images/8/83/Broccolo_NewLeaf_Official.png/revision/latest?cb=20130721175332
Bruce,https://vignette.wikia.nocookie.net/animalcrossing/images/4/45/Bruce_HD.png/revision/latest/scale-to-width-down/350?cb=20180518161455
Broffina,https://vignette.wikia.nocookie.net/animalcrossing/images/e/e2/BroffinaHHD.png/revision/latest/scale-to-width-down/297?cb=20160315043436
Bubbles,https://vignette.wikia.nocookie.net/animalcrossing/images/d/d2/Bubbles_NewLeaf_Official.png/revision/latest/scale-to-width-down/350?cb=20130721175520
Buck,https://vignette.wikia.nocookie.net/animalcrossing/images/f/f0/-Buck_-_Animal_Crossing_New_Leaf.png/revision/latest/scale-to-width-down/297?cb=20130708025854
Bud,https://vignette.wikia.nocookie.net/animalcrossing/images/6/60/Bud_NewLeaf_Official.png/revision/latest/scale-to-width-down/297?cb=20130818185106
Bunnie,https://vignette.wikia.nocookie.net/animalcrossing/images/b/b2/Bunnie_NH.png/revision/latest/scale-to-width-down/265?cb=20200321102819
Butch,https://vignette.wikia.nocookie.net/animalcrossing/images/d/d2/Butch_-_Animal_Crossing_New_Leaf.png/revision/latest/scale-to-width-down/300?cb=20130708032928
Buzz,https://vignette.wikia.nocookie.net/animalcrossing/images/0/05/Buzz_NH.png/revision/latest/scale-to-width-down/350?cb=20200226235618
Cally,https://vignette.wikia.nocookie.net/animalcrossing/images/a/a6/Cally_NH.png/revision/latest/scale-to-width-down/350?cb=20200309020719
Camofrog,https://vignette.wikia.nocookie.net/animalcrossing/images/0/0b/Camofrog_NewLeaf_Official.png/revision/latest?cb=20130721180123
Canberra,https://vignette.wikia.nocookie.net/animalcrossing/images/4/46/Canberra_HHD.png/revision/latest?cb=20160624002709
Candi,https://vignette.wikia.nocookie.net/animalcrossing/images/5/59/Candi_HD.png/revision/latest/scale-to-width-down/350?cb=20180518164813
Carmen,https://vignette.wikia.nocookie.net/animalcrossing/images/e/eb/Carmen_NH.png/revision/latest/scale-to-width-down/247?cb=20200321204617
Caroline,https://vignette.wikia.nocookie.net/animalcrossing/images/2/26/Caroline_NH.png/revision/latest?cb=20200309023642
Carrie,https://vignette.wikia.nocookie.net/animalcrossing/images/a/a4/Carrie_HD.png/revision/latest/scale-to-width-down/350?cb=20180405153741
Cashmere,https://vignette.wikia.nocookie.net/animalcrossing/images/e/eb/Cashmere_NH.png/revision/latest/scale-to-width-down/350?cb=20200312021827
Celia,https://vignette.wikia.nocookie.net/animalcrossing/images/0/00/Celia_NH.png/revision/latest/scale-to-width-down/350?cb=20200225031028
Cesar,https://vignette.wikia.nocookie.net/animalcrossing/images/c/c3/-Cesar_-_Animal_Crossing_New_Leaf.png/revision/latest/scale-to-width-down/350?cb=20130708032553
Chadder,https://vignette.wikia.nocookie.net/animalcrossing/images/3/32/Chadder_NH.png/revision/latest?cb=20200321101735
Charlise,https://vignette.wikia.nocookie.net/animalcrossing/images/3/34/Charlise_HHD.png/revision/latest?cb=20160624003805
Cheri,https://vignette.wikia.nocookie.net/animalcrossing/images/0/00/Cheri_NewLeaf_Official.png/revision/latest/scale-to-width-down/291?cb=20130818185212
Cherry,https://vignette.wikia.nocookie.net/animalcrossing/images/7/73/Cherry-0.png/revision/latest?cb=20171121001756
Chester,https://vignette.wikia.nocookie.net/animalcrossing/images/5/5a/Chester_-_Animal_Crossing_New_Leaf.png/revision/latest/scale-to-width-down/293?cb=20130708001600
Chevre,https://vignette.wikia.nocookie.net/animalcrossing/images/c/c9/Chevre_NH.png/revision/latest?cb=20200409163246
Chief,https://vignette.wikia.nocookie.net/animalcrossing/images/e/e2/NH-icon-Chief_00.png/revision/latest/scale-to-width-down/248?cb=20200224180941
Chops,https://vignette.wikia.nocookie.net/animalcrossing/images/3/32/Chops_NH.png/revision/latest/scale-to-width-down/270?cb=20200312184054
Chow,https://vignette.wikia.nocookie.net/animalcrossing/images/d/dc/Chow_NewHorizons.png/revision/latest?cb=20200408112145
Chrissy,https://vignette.wikia.nocookie.net/animalcrossing/images/f/f5/Chrissy_NH_pic.png/revision/latest/scale-to-width-down/260?cb=20200321123018
Claude,https://vignette.wikia.nocookie.net/animalcrossing/images/1/1f/Claude_NH.png/revision/latest/scale-to-width-down/256?cb=20200322125457
Claudia,https://vignette.wikia.nocookie.net/animalcrossing/images/d/d6/Claudia_NH.png/revision/latest/scale-to-width-down/283?cb=20200308194357
Clay,https://vignette.wikia.nocookie.net/animalcrossing/images/4/47/Clay_HD.png/revision/latest/scale-to-width-down/350?cb=20180405153835
Cleo,https://vignette.wikia.nocookie.net/animalcrossing/images/3/37/Cleo_HD.png/revision/latest/scale-to-width-down/350?cb=20180405152002
Clyde,https://vignette.wikia.nocookie.net/animalcrossing/images/a/a2/Clyde_NewHorizons.png/revision/latest?cb=20200407223055
Coach,https://vignette.wikia.nocookie.net/animalcrossing/images/9/98/Coach_HHD.png/revision/latest?cb=20160624003056
Cobb,https://vignette.wikia.nocookie.net/animalcrossing/images/a/a4/Cobb_NewLeaf_Official.png/revision/latest/scale-to-width-down/262?cb=20130721181251
Coco,https://vignette.wikia.nocookie.net/animalcrossing/images/8/83/Coco_NH.png/revision/latest/scale-to-width-down/258?cb=20200321103716
Cole,https://vignette.wikia.nocookie.net/animalcrossing/images/f/f6/Cole_NH.png/revision/latest/scale-to-width-down/251?cb=20200322122206
Colton,https://vignette.wikia.nocookie.net/animalcrossing/images/f/f7/Colton_HD.png/revision/latest/scale-to-width-down/350?cb=20180405151848
Cookie,https://vignette.wikia.nocookie.net/animalcrossing/images/7/7e/Cookie_NewLeaf_Official.png/revision/latest/scale-to-width-down/340?cb=20130721181436
Cousteau,https://vignette.wikia.nocookie.net/animalcrossing/images/1/16/Cousteau_NewLeaf_Official.png/revision/latest?cb=20130721181726
Cranston,https://vignette.wikia.nocookie.net/animalcrossing/images/b/b7/Cranston_NH.png/revision/latest/scale-to-width-down/256?cb=20200308184820
Croque,https://vignette.wikia.nocookie.net/animalcrossing/images/0/05/Croque_HHD.png/revision/latest?cb=20161013031016
Cube,https://vignette.wikia.nocookie.net/animalcrossing/images/1/10/Cube_NH.png/revision/latest?cb=20200226233057
Curlos,https://vignette.wikia.nocookie.net/animalcrossing/images/3/37/Curlos_NH.png/revision/latest?cb=20200317165801
Curly,https://vignette.wikia.nocookie.net/animalcrossing/images/9/9d/Curly.png/revision/latest?cb=20130521000319
Curt,https://vignette.wikia.nocookie.net/animalcrossing/images/f/f1/Nhcurt.png/revision/latest?cb=20200223062124
Cyd,https://vignette.wikia.nocookie.net/animalcrossing/images/5/5d/Cyd_NH.png/revision/latest?cb=20200319212643
Cyrano,https://vignette.wikia.nocookie.net/animalcrossing/images/e/e1/Cyrano.png/revision/latest/scale-to-width-down/350?cb=20130718135136
Daisy,https://vignette.wikia.nocookie.net/animalcrossing/images/3/36/Daisy_NewLeaf_Official.png/revision/latest/scale-to-width-down/300?cb=20130721182429
Deena,https://vignette.wikia.nocookie.net/animalcrossing/images/f/fd/Deena_-_Animal_Crossing_New_Leaf.png/revision/latest?cb=20130708033218
Deirdre,https://vignette.wikia.nocookie.net/animalcrossing/images/2/21/Deirdre_newest.png/revision/latest?cb=20170102164402
Del,https://vignette.wikia.nocookie.net/animalcrossing/images/7/7f/Del_NewLeaf_Official.png/revision/latest/scale-to-width-down/300?cb=20130721182619
Deli,https://vignette.wikia.nocookie.net/animalcrossing/images/a/a1/Deli_HD.png/revision/latest/scale-to-width-down/350?cb=20180518164618
Derwin,https://vignette.wikia.nocookie.net/animalcrossing/images/f/fd/Derwin_-_Animal_Crossing_New_Leaf.png/revision/latest?cb=20130708033351
Diana,https://vignette.wikia.nocookie.net/animalcrossing/images/8/84/31a901eed448f9ee30fc1af858e29be5_clipped_rev_2.png/revision/latest?cb=20161008150800
Diva,https://vignette.wikia.nocookie.net/animalcrossing/images/9/9e/Diva_HD.png/revision/latest/scale-to-width-down/350?cb=20180609194821
Dizzy,https://vignette.wikia.nocookie.net/animalcrossing/images/9/9c/Dizzy_NewLeaf_Official.png/revision/latest/scale-to-width-down/329?cb=20130721182759
Dobie,https://vignette.wikia.nocookie.net/animalcrossing/images/f/fd/NH-icon-Dobie_00.png/revision/latest/scale-to-width-down/248?cb=20200224181928
Doc,https://vignette.wikia.nocookie.net/animalcrossing/images/c/cd/Doc_NH.png/revision/latest/scale-to-width-down/252?cb=20200322125229
Dom,https://vignette.wikia.nocookie.net/animalcrossing/images/7/75/Dom_NH.png/revision/latest?cb=20200317175119
Dora,https://vignette.wikia.nocookie.net/animalcrossing/images/a/a0/Dora_NewLeaf_Official.png/revision/latest?cb=20130818040250
Dotty,https://vignette.wikia.nocookie.net/animalcrossing/images/c/cc/Dotty_NH.png/revision/latest/scale-to-width-down/253?cb=20200321142147
Drago,https://vignette.wikia.nocookie.net/animalcrossing/images/6/69/Drago.png/revision/latest?cb=20161211213032
Drake,https://vignette.wikia.nocookie.net/animalcrossing/images/d/d9/Drake_NewLeaf_Official.png/revision/latest?cb=20130818040432
Drift,https://vignette.wikia.nocookie.net/animalcrossing/images/2/28/Drift_NewLeaf_Official.png/revision/latest?cb=20130721183255
Ed,https://vignette.wikia.nocookie.net/animalcrossing/images/c/ce/Ed_NewHorizons.png/revision/latest?cb=20200408120037
Egbert,https://vignette.wikia.nocookie.net/animalcrossing/images/a/a8/Egbert_HD.png/revision/latest/scale-to-width-down/350?cb=20180404115854
Elise,https://vignette.wikia.nocookie.net/animalcrossing/images/9/9c/Elise_NewLeaf_Official.png/revision/latest/scale-to-width-down/295?cb=20130721183814
Ellie,https://vignette.wikia.nocookie.net/animalcrossing/images/8/8d/Ellie_HD.png/revision/latest/scale-to-width-down/350?cb=20180518162536
Elmer,https://vignette.wikia.nocookie.net/animalcrossing/images/1/15/Elmer_NewLeaf_Official.png/revision/latest/scale-to-width-down/265?cb=20130721184056
Eloise,https://vignette.wikia.nocookie.net/animalcrossing/images/7/7d/Eloise_NewLeaf_Official.png/revision/latest/scale-to-width-down/350?cb=20130721184250
Elvis,https://vignette.wikia.nocookie.net/animalcrossing/images/b/ba/Elvis_NewLeaf_OfficialRender.png/revision/latest/scale-to-width-down/289?cb=20130709064606
Erik,https://vignette.wikia.nocookie.net/animalcrossing/images/a/a9/Erik_HD.png/revision/latest/scale-to-width-down/350?cb=20180404114430
Eunice,https://vignette.wikia.nocookie.net/animalcrossing/images/9/97/Eunice_NH.png/revision/latest/scale-to-width-down/350?cb=20200403102308
Eugene,https://vignette.wikia.nocookie.net/animalcrossing/images/9/93/Eugene_HHD.png/revision/latest?cb=20160624003222
Fang,https://vignette.wikia.nocookie.net/animalcrossing/images/7/74/NH-icon-Fang_01.png/revision/latest/scale-to-width-down/258?cb=20200224181958
Fauna,https://vignette.wikia.nocookie.net/animalcrossing/images/7/72/Fauna.png/revision/latest/scale-to-width-down/350?cb=20161008150856
Felicity,https://vignette.wikia.nocookie.net/animalcrossing/images/c/cb/Felicity_NewLeaf_Official.png/revision/latest/scale-to-width-down/232?cb=20130721184858
Filbert,https://vignette.wikia.nocookie.net/animalcrossing/images/8/81/Filbert_NH.png/revision/latest?cb=20200309020807
Flip,https://vignette.wikia.nocookie.net/animalcrossing/images/6/66/Flip_HD.png/revision/latest/scale-to-width-down/350?cb=20181009152037
Flo,https://vignette.wikia.nocookie.net/animalcrossing/images/7/70/Flo_HD.png/revision/latest/scale-to-width-down/350?cb=20180518165227
Flora,https://vignette.wikia.nocookie.net/animalcrossing/images/8/8e/Flora_NH.png/revision/latest/scale-to-width-down/272?cb=20200308184848
Flurry,https://vignette.wikia.nocookie.net/animalcrossing/images/3/30/Flurry_HD.png/revision/latest/scale-to-width-down/350?cb=20180405153933
Francine,https://vignette.wikia.nocookie.net/animalcrossing/images/3/34/Francine_NH.png/revision/latest/scale-to-width-down/251?cb=20200321123138
Frank,https://vignette.wikia.nocookie.net/animalcrossing/images/a/a7/Frank_NH_cropped.png/revision/latest/scale-to-width-down/350?cb=20200308183342
Freckles,https://vignette.wikia.nocookie.net/animalcrossing/images/8/8b/Freckles_NewLeaf_Official.png/revision/latest?cb=20130721190141
Freya,https://vignette.wikia.nocookie.net/animalcrossing/images/5/50/NH-icon-Freya_00.png/revision/latest/scale-to-width-down/248?cb=20200224182111
Friga,https://vignette.wikia.nocookie.net/animalcrossing/images/8/8c/Friga_NH.png/revision/latest/scale-to-width-down/347?cb=20200226232456
Frita,https://vignette.wikia.nocookie.net/animalcrossing/images/d/d5/Frita_NH.png/revision/latest/scale-to-width-down/349?cb=20200321205518
Frobert,https://vignette.wikia.nocookie.net/animalcrossing/images/f/fb/Frobert_NewLeaf_Official.png/revision/latest?cb=20130721190427
Fuchsia,https://vignette.wikia.nocookie.net/animalcrossing/images/4/4d/Fuchsia_HD.png/revision/latest/scale-to-width-down/350?cb=20180518161612
Gabi,https://vignette.wikia.nocookie.net/animalcrossing/images/8/86/Gabi_NH.png/revision/latest/scale-to-width-down/248?cb=20200322125311
Gala,https://vignette.wikia.nocookie.net/animalcrossing/images/f/fb/Gala_NewLeaf_Official.png/revision/latest/scale-to-width-down/282?cb=20130721190601
Gaston,https://vignette.wikia.nocookie.net/animalcrossing/images/5/59/Gaston_NH.png/revision/latest/scale-to-width-down/256?cb=20200321205410
Gayle,https://vignette.wikia.nocookie.net/animalcrossing/images/7/7a/Gayle_HD.png/revision/latest/scale-to-width-down/350?cb=20180518013116
Genji,https://vignette.wikia.nocookie.net/animalcrossing/images/6/67/Genji_NH.png/revision/latest/scale-to-width-down/252?cb=20200322125429
Gigi,https://vignette.wikia.nocookie.net/animalcrossing/images/d/dc/Gigi_NewLeaf_Official.png/revision/latest?cb=20130721190743
Gladys,https://vignette.wikia.nocookie.net/animalcrossing/images/3/35/Gladys_NH.png/revision/latest/scale-to-width-down/350?cb=20200317170137
Gloria,https://vignette.wikia.nocookie.net/animalcrossing/images/8/80/Gloria_NewLeaf_Official.png/revision/latest?cb=20130721191051
Goldie,https://vignette.wikia.nocookie.net/animalcrossing/images/8/84/Goldie_NewLeaf_Official.png/revision/latest/scale-to-width-down/309?cb=20130721191242
Gonzo,https://vignette.wikia.nocookie.net/animalcrossing/images/7/7f/Gonzo_HD.png/revision/latest/scale-to-width-down/350?cb=20180518164207
Goose,https://vignette.wikia.nocookie.net/animalcrossing/images/9/99/-Goose_-_Animal_Crossing_New_Leaf.png/revision/latest/scale-to-width-down/292?cb=20130708020630
Graham,https://vignette.wikia.nocookie.net/animalcrossing/images/5/54/Graham_HHD.png/revision/latest?cb=20161013033113
Greta,https://vignette.wikia.nocookie.net/animalcrossing/images/b/bd/Greta_NH.png/revision/latest?cb=20200308192554
Grizzly,https://vignette.wikia.nocookie.net/animalcrossing/images/4/46/Grizzly_NewHorizons.png/revision/latest?cb=20200407222650
Groucho,https://vignette.wikia.nocookie.net/animalcrossing/images/0/01/Groucho_NewHorizons.png/revision/latest?cb=20200408174427
Gruff,https://vignette.wikia.nocookie.net/animalcrossing/images/e/e5/Gruff_NewLeaf_Official.png/revision/latest/scale-to-width-down/317?cb=20130721191414
Gwen,https://vignette.wikia.nocookie.net/animalcrossing/images/c/cd/Gwen_NewLeaf_Official.png/revision/latest/scale-to-width-down/350?cb=20130721191552
Hamlet,https://vignette.wikia.nocookie.net/animalcrossing/images/3/35/Nhhamlet.png/revision/latest?cb=20200223062646
Hamphrey,https://vignette.wikia.nocookie.net/animalcrossing/images/a/ab/Hamphrey_HHD.png/revision/latest?cb=20161013032935
Hans,https://vignette.wikia.nocookie.net/animalcrossing/images/e/e6/Hans_HD.png/revision/latest/scale-to-width-down/350?cb=20180518163420
Harry,https://vignette.wikia.nocookie.net/animalcrossing/images/3/36/Harry_NewLeaf_Official.png/revision/latest/scale-to-width-down/350?cb=20130721191825
Hazel,https://vignette.wikia.nocookie.net/animalcrossing/images/1/17/Hazel_NH.png/revision/latest/scale-to-width-down/350?cb=20200309012107
Henry,https://vignette.wikia.nocookie.net/animalcrossing/images/d/d1/Henry_HD.png/revision/latest/scale-to-width-down/350?cb=20180518163033
Hippeux,https://vignette.wikia.nocookie.net/animalcrossing/images/1/15/Hippeux_HD.png/revision/latest/scale-to-width-down/350?cb=20180518163545
Hopkins,https://vignette.wikia.nocookie.net/animalcrossing/images/c/c1/Hopkins_NH.png/revision/latest/scale-to-width-down/252?cb=20200321142217
Hopper,https://vignette.wikia.nocookie.net/animalcrossing/images/c/cb/Hopper_NH.png/revision/latest?cb=20200226233421
Hornsby,https://vignette.wikia.nocookie.net/animalcrossing/images/9/95/Hornsby_NH.png/revision/latest/scale-to-width-down/333?cb=20200312014627
Huck,https://vignette.wikia.nocookie.net/animalcrossing/images/5/56/Huck_HD.png/revision/latest/scale-to-width-down/350?cb=20180518162921
Hugh,https://vignette.wikia.nocookie.net/animalcrossing/images/e/eb/Hugh_NewLeaf_Official.png/revision/latest/scale-to-width-down/279?cb=20130721192027
Iggly,https://vignette.wikia.nocookie.net/animalcrossing/images/0/06/Iggly_NewLeaf_Official.png/revision/latest/scale-to-width-down/350?cb=20130721192205
Ike,https://vignette.wikia.nocookie.net/animalcrossing/images/b/bf/Ike_HHD.png/revision/latest/scale-to-width-down/350?cb=20180518170322
Jacob,https://vignette.wikia.nocookie.net/animalcrossing/images/d/da/Jacob_NL.png/revision/latest?cb=20161228214704
Jacques,https://vignette.wikia.nocookie.net/animalcrossing/images/f/f2/Jacques_HD.png/revision/latest/scale-to-width-down/350?cb=20180613022125
Jambette,https://vignette.wikia.nocookie.net/animalcrossing/images/d/d8/Jambette_NewHorizons.png/revision/latest?cb=20200407191622
Jay,https://vignette.wikia.nocookie.net/animalcrossing/images/f/f4/Jay_NewLeaf_Official.png/revision/latest/scale-to-width-down/313?cb=20130721212323
Jeremiah,https://vignette.wikia.nocookie.net/animalcrossing/images/e/e7/Jeremiah_NewLeaf_Official.png/revision/latest?cb=20130818040721
Jitters,https://vignette.wikia.nocookie.net/animalcrossing/images/8/8d/Jitters_NL.png/revision/latest/scale-to-width-down/267?cb=20131006041145
Joey,https://vignette.wikia.nocookie.net/animalcrossing/images/7/72/Joey_-_Animal_Crossing_New_Leaf.png/revision/latest?cb=20130708040004
Judy,https://vignette.wikia.nocookie.net/animalcrossing/images/d/d4/Judy_NH.png/revision/latest?cb=20200318005830
Julia,https://vignette.wikia.nocookie.net/animalcrossing/images/4/42/Julia_NH.png/revision/latest/scale-to-width-down/254?cb=20200308185019
Julian,https://vignette.wikia.nocookie.net/animalcrossing/images/0/00/Julian_HD.png/revision/latest/scale-to-width-down/350?cb=20180405151710
June,https://vignette.wikia.nocookie.net/animalcrossing/images/1/16/June_HD.png/revision/latest/scale-to-width-down/350?cb=20180410103444
Kabuki,https://vignette.wikia.nocookie.net/animalcrossing/images/5/5b/Kabuki_NewLeaf_Official.png/revision/latest/scale-to-width-down/291?cb=20130818041028
Katt,https://vignette.wikia.nocookie.net/animalcrossing/images/6/68/Katt_HD.png/revision/latest/scale-to-width-down/350?cb=20180404115701
Keaton,https://vignette.wikia.nocookie.net/animalcrossing/images/3/3b/Keaton_NH.png/revision/latest/scale-to-width-down/350?cb=20200226233737
Ken,https://vignette.wikia.nocookie.net/animalcrossing/images/d/d0/Ken_NewLeaf_Official.png/revision/latest/scale-to-width-down/303?cb=20130721192335
Ketchup,https://vignette.wikia.nocookie.net/animalcrossing/images/a/a3/Ketchup_HD.png/revision/latest/scale-to-width-down/350?cb=20180404120537
Kevin,https://vignette.wikia.nocookie.net/animalcrossing/images/7/71/Kevin_NH.png/revision/latest?cb=20200402024235
Kid_Cat,https://vignette.wikia.nocookie.net/animalcrossing/images/c/c3/-Kid_Cat_-_Animal_Crossing_New_Leaf.png/revision/latest/scale-to-width-down/238?cb=20130708010443
Kidd,https://vignette.wikia.nocookie.net/animalcrossing/images/c/c5/Kidd_HHD.png/revision/latest?cb=20161213013210
Kiki,https://vignette.wikia.nocookie.net/animalcrossing/images/4/4b/Kiki_NL.png/revision/latest/scale-to-width-down/247?cb=20130708021703
Kitt,https://vignette.wikia.nocookie.net/animalcrossing/images/a/a8/-Kitt_-_Animal_Crossing_New_Leaf.png/revision/latest/scale-to-width-down/342?cb=20130708031953
Kitty,https://vignette.wikia.nocookie.net/animalcrossing/images/6/64/Kitty_NewLeaf_Official.png/revision/latest/scale-to-width-down/230?cb=20130721192521
Klaus,https://vignette.wikia.nocookie.net/animalcrossing/images/e/e1/Klaus.png/revision/latest?cb=20161211212842
Knox,https://vignette.wikia.nocookie.net/animalcrossing/images/c/c4/Knox_NewLeaf_Official.png/revision/latest/scale-to-width-down/350?cb=20130721192717
Kody,https://vignette.wikia.nocookie.net/animalcrossing/images/4/4d/Kody_NewLeaf_Official.png/revision/latest/scale-to-width-down/313?cb=20130721212358
Kyle,https://vignette.wikia.nocookie.net/animalcrossing/images/c/cf/NH-icon-Kyle_00.png/revision/latest/scale-to-width-down/248?cb=20200224182134
Leonardo,https://vignette.wikia.nocookie.net/animalcrossing/images/0/0a/Leonardo_NH.png/revision/latest/scale-to-width-down/286?cb=20200308194554
Leopold,https://vignette.wikia.nocookie.net/animalcrossing/images/7/7a/Leopold_HD.png/revision/latest/scale-to-width-down/350?cb=20180518164503
Lily,https://vignette.wikia.nocookie.net/animalcrossing/images/8/87/Nhlily.png/revision/latest?cb=20200223062309
Limberg,https://vignette.wikia.nocookie.net/animalcrossing/images/5/53/Limberg_-_Animal_Crossing_New_Leaf.png/revision/latest?cb=20130708040543
Lionel,https://vignette.wikia.nocookie.net/animalcrossing/images/0/02/Lionel_HD.png/revision/latest/scale-to-width-down/350?cb=20180518164514
Lobo,https://vignette.wikia.nocookie.net/animalcrossing/images/4/46/NH-icon-Lobo_00.png/revision/latest/scale-to-width-down/248?cb=20200224182155
Lolly,https://vignette.wikia.nocookie.net/animalcrossing/images/6/64/Lolly_NewLeaf_Official.png/revision/latest/scale-to-width-down/236?cb=20130721193353
Lopez,https://vignette.wikia.nocookie.net/animalcrossing/images/2/20/Lopez_HD.png/revision/latest/scale-to-width-down/350?cb=20180518161521
Louie,https://vignette.wikia.nocookie.net/animalcrossing/images/e/e1/Louie_HD.png/revision/latest/scale-to-width-down/350?cb=20180410104451
Lucha,https://vignette.wikia.nocookie.net/animalcrossing/images/b/bf/Lucha.png/revision/latest?cb=20161211212403
Lucky,https://vignette.wikia.nocookie.net/animalcrossing/images/0/0f/Lucky_-_Animal_Crossing_New_Leaf.png/revision/latest/scale-to-width-down/307?cb=20130901115838
Lucy,https://vignette.wikia.nocookie.net/animalcrossing/images/d/d4/Lucy_NewLeaf_Official.png/revision/latest/scale-to-width-down/273?cb=20130721193539
Lyman,https://vignette.wikia.nocookie.net/animalcrossing/images/a/a0/Lyman_HD.png/revision/latest/scale-to-width-down/350?cb=20180518164248
Mac,https://vignette.wikia.nocookie.net/animalcrossing/images/1/1c/Mac_NewLeaf_Official.png/revision/latest/scale-to-width-down/333?cb=20130818041235
Maddie,https://vignette.wikia.nocookie.net/animalcrossing/images/5/52/Maddie_HD.png/revision/latest/scale-to-width-down/350?cb=20180518161841
Maelle,https://vignette.wikia.nocookie.net/animalcrossing/images/8/86/Maelle_-_Animal_Crossing_New_Leaf.png/revision/latest?cb=20130708041205
Maggie,https://vignette.wikia.nocookie.net/animalcrossing/images/7/7a/MaggieACNL.png/revision/latest?cb=20161211202332
Mallary,https://vignette.wikia.nocookie.net/animalcrossing/images/f/fe/Mallary_-_Animal_Crossing_New_Leaf.png/revision/latest?cb=20130708041258
Maple,https://vignette.wikia.nocookie.net/animalcrossing/images/a/a3/Maple_NewHorizons.png/revision/latest?cb=20200407222355
Margie,https://vignette.wikia.nocookie.net/animalcrossing/images/8/80/Margie_NewLeaf_Official.png/revision/latest/scale-to-width-down/350?cb=20130721194145
Marcel,https://vignette.wikia.nocookie.net/animalcrossing/images/4/44/Marcel_NewLeaf_Official.png/revision/latest/scale-to-width-down/307?cb=20130721193940
Marcie,https://vignette.wikia.nocookie.net/animalcrossing/images/d/da/Marcie_HD.png/revision/latest/scale-to-width-down/350?cb=20180518163852
Marina,https://vignette.wikia.nocookie.net/animalcrossing/images/9/96/NH-icon-Marina-00.png/revision/latest/scale-to-width-down/300?cb=20200224185328
Marshal,https://vignette.wikia.nocookie.net/animalcrossing/images/d/da/Marshal_NH.png/revision/latest/scale-to-width-down/350?cb=20200317171946
Mathilda,https://vignette.wikia.nocookie.net/animalcrossing/images/3/3d/Mathilda_NewLeaf_Official.png/revision/latest/scale-to-width-down/299?cb=20130721194455
Megan,https://vignette.wikia.nocookie.net/animalcrossing/images/3/3d/Megan_1.png/revision/latest?cb=20200318011936
Melba,https://vignette.wikia.nocookie.net/animalcrossing/images/6/6d/Melba_NewLeaf_Official.png/revision/latest/scale-to-width-down/350?cb=20130721194654
Merengue,https://vignette.wikia.nocookie.net/animalcrossing/images/0/0c/Merengue_NH.png/revision/latest/scale-to-width-down/336?cb=20200321211014
Merry,https://vignette.wikia.nocookie.net/animalcrossing/images/8/8e/Merry_NewLeaf_Official.png/revision/latest/scale-to-width-down/230?cb=20130721194909
Midge,https://vignette.wikia.nocookie.net/animalcrossing/images/1/15/Midge_NewLeaf_Official.png/revision/latest/scale-to-width-down/301?cb=20130721195051
Mint,https://vignette.wikia.nocookie.net/animalcrossing/images/5/5b/Mint_NH.png/revision/latest?cb=20200309012012
Mira,https://vignette.wikia.nocookie.net/animalcrossing/images/d/d1/Mira_NH.png/revision/latest/scale-to-width-down/251?cb=20200307202330
Miranda,https://vignette.wikia.nocookie.net/animalcrossing/images/0/04/Miranda_NewLeaf_Official.png/revision/latest?cb=20130818041459
Mitzi,https://vignette.wikia.nocookie.net/animalcrossing/images/6/65/Mitzinewleaf.png/revision/latest/scale-to-width-down/242?cb=20130719080515
Moe,https://vignette.wikia.nocookie.net/animalcrossing/images/c/cc/Moe.png/revision/latest/scale-to-width-down/350?cb=20180625223045
Molly,https://vignette.wikia.nocookie.net/animalcrossing/images/d/de/Molly2-0.png/revision/latest?cb=20170102115318
Monique,https://vignette.wikia.nocookie.net/animalcrossing/images/e/e7/-Monique_-_Animal_Crossing_New_Leaf.png/revision/latest/scale-to-width-down/226?cb=20130708010412
Monty,https://vignette.wikia.nocookie.net/animalcrossing/images/8/87/Monty_NewLeaf_Official.png/revision/latest/scale-to-width-down/321?cb=20130721195344
Moose,https://vignette.wikia.nocookie.net/animalcrossing/images/0/02/Moose_NewLeaf_Official.png/revision/latest?cb=20130721195504
Mott,https://vignette.wikia.nocookie.net/animalcrossing/images/3/38/Mott_NewLeaf_Official.png/revision/latest/scale-to-width-down/289?cb=20130721195620
Muffy,https://vignette.wikia.nocookie.net/animalcrossing/images/1/16/Muffy_NH.png/revision/latest/scale-to-width-down/350?cb=20200317165954
Murphy,https://vignette.wikia.nocookie.net/animalcrossing/images/a/a7/Murphy_HD.png/revision/latest/scale-to-width-down/350?cb=20180518161146
Nan,https://vignette.wikia.nocookie.net/animalcrossing/images/5/56/Nan_-_Animal_Crossing_New_Leaf.png/revision/latest/scale-to-width-down/324?cb=20160930053504
Nana,https://vignette.wikia.nocookie.net/animalcrossing/images/9/98/Nana_NewLeaf_Official.png/revision/latest/scale-to-width-down/317?cb=20130818041645
Naomi,https://vignette.wikia.nocookie.net/animalcrossing/images/3/37/Naomi_HHD.png/revision/latest?cb=20160624002846
Nate,https://vignette.wikia.nocookie.net/animalcrossing/images/f/ff/Nate.png/revision/latest/scale-to-width-down/240?cb=20130718135921
Nibbles,https://vignette.wikia.nocookie.net/animalcrossing/images/a/ac/NIbbles_NH.png/revision/latest?cb=20200309020910
Norma,https://vignette.wikia.nocookie.net/animalcrossing/images/6/65/Norma_HD.png/revision/latest/scale-to-width-down/350?cb=20180518161005
Octavian,https://vignette.wikia.nocookie.net/animalcrossing/images/c/ce/NH-icon-Octarian-01.png/revision/latest/scale-to-width-down/283?cb=20200224185303
O'Hare,https://vignette.wikia.nocookie.net/animalcrossing/images/8/81/O%27_Hare_NH.png/revision/latest/scale-to-width-down/248?cb=20200311015610
Olaf,https://vignette.wikia.nocookie.net/animalcrossing/images/6/66/Olaf_HD.png/revision/latest/scale-to-width-down/350?cb=20180710230500
Olive,https://vignette.wikia.nocookie.net/animalcrossing/images/c/c4/Olive_HD.png/revision/latest/scale-to-width-down/350?cb=20180518161153
Olivia,https://vignette.wikia.nocookie.net/animalcrossing/images/a/a2/-Olivia_-_Animal_Crossing_New_Leaf.png/revision/latest/scale-to-width-down/258?cb=20130708015450
Opal,https://vignette.wikia.nocookie.net/animalcrossing/images/b/bf/Opal_NewLeaf_Official.png/revision/latest/scale-to-width-down/341?cb=20130721200200
Ozzie,https://vignette.wikia.nocookie.net/animalcrossing/images/a/a6/Ozzie_NewLeaf_Official.png/revision/latest/scale-to-width-down/350?cb=20130818041815
Pancetti,https://vignette.wikia.nocookie.net/animalcrossing/images/e/ec/Pancetti_NH.png/revision/latest/scale-to-width-down/272?cb=20200312184214
Pango,https://vignette.wikia.nocookie.net/animalcrossing/images/a/ab/Pango_-_Animal_Crossing_New_Leaf.png/revision/latest/scale-to-width-down/350?cb=20130708042249
Papi,https://vignette.wikia.nocookie.net/animalcrossing/images/a/a8/Papi.png/revision/latest/scale-to-width-down/350?cb=20180312015617
Paolo,https://vignette.wikia.nocookie.net/animalcrossing/images/b/b1/Paolo_HD.png/revision/latest/scale-to-width-down/350?cb=20180506195048
Pashmina,https://vignette.wikia.nocookie.net/animalcrossing/images/3/3c/Pashmina_newest.png/revision/latest?cb=20170102165003
Pate,https://vignette.wikia.nocookie.net/animalcrossing/images/c/c8/Pate_NewLeaf_Official.png/revision/latest?cb=20130721201210
Patty,https://vignette.wikia.nocookie.net/animalcrossing/images/8/86/Patty_-_Animal_Crossing_New_Leaf.png/revision/latest/scale-to-width-down/344?cb=20130708042313
Paula,https://vignette.wikia.nocookie.net/animalcrossing/images/0/0d/Rachel.png/revision/latest?cb=20130520235305
Peaches,https://vignette.wikia.nocookie.net/animalcrossing/images/b/b0/PeachesNH.jpeg/revision/latest?cb=20200328003723
Peanut,https://vignette.wikia.nocookie.net/animalcrossing/images/f/f0/NH-Peanut-Render.png/revision/latest/scale-to-width-down/350?cb=20200321142849
Pecan,https://vignette.wikia.nocookie.net/animalcrossing/images/6/60/Pecan_NH.png/revision/latest/scale-to-width-down/350?cb=20200309020952
Peck,https://vignette.wikia.nocookie.net/animalcrossing/images/5/51/HNI_0009.png/revision/latest?cb=20161229005802
Peewee,https://vignette.wikia.nocookie.net/animalcrossing/images/5/5d/Peewee_NewLeaf_Official.png/revision/latest/scale-to-width-down/350?cb=20130721202151
Peggy,https://vignette.wikia.nocookie.net/animalcrossing/images/0/02/Peggy_NewLeaf_Official.png/revision/latest/scale-to-width-down/274?cb=20130721202313
Pekoe,https://vignette.wikia.nocookie.net/animalcrossing/images/d/df/Pekoe_NH.png/revision/latest?cb=20200409060010
Penelope,https://vignette.wikia.nocookie.net/animalcrossing/images/1/15/Penelope_NH.png/revision/latest?cb=20200321211853
Phil,https://vignette.wikia.nocookie.net/animalcrossing/images/f/f2/Phil_NH.png/revision/latest/scale-to-width-down/264?cb=20200308185050
Phoebe,https://vignette.wikia.nocookie.net/animalcrossing/images/5/50/Phoebe_NH.png/revision/latest/scale-to-width-down/242?cb=20200308185133
Pierce,https://vignette.wikia.nocookie.net/animalcrossing/images/8/80/Pierce_NH.png/revision/latest/scale-to-width-down/350?cb=20200227200120
Pietro,https://vignette.wikia.nocookie.net/animalcrossing/images/f/fb/Pietro_NH.png/revision/latest/scale-to-width-down/342?cb=20200317165840
Pinky,https://vignette.wikia.nocookie.net/animalcrossing/images/1/1b/Pinky_NewLeaf_Official.png/revision/latest/scale-to-width-down/261?cb=20130721202731
Piper,https://vignette.wikia.nocookie.net/animalcrossing/images/9/9a/Piper_HD.png/revision/latest/scale-to-width-down/350?cb=20180518160447
Pippy,https://vignette.wikia.nocookie.net/animalcrossing/images/a/a1/Pippy_NH.png/revision/latest/scale-to-width-down/249?cb=20200311014506
Plucky,https://vignette.wikia.nocookie.net/animalcrossing/images/a/a5/Plucky_HD.png/revision/latest/scale-to-width-down/350?cb=20180518160940
Pompom,https://vignette.wikia.nocookie.net/animalcrossing/images/c/c3/Pompom_NewHorizons.png/revision/latest?cb=20200406221127
Poncho,https://vignette.wikia.nocookie.net/animalcrossing/images/4/4c/Poncho_NewLeaf_Official.png/revision/latest/scale-to-width-down/275?cb=20130721204234
Poppy,https://vignette.wikia.nocookie.net/animalcrossing/images/c/c4/Poppy_NH.png/revision/latest/scale-to-width-down/350?cb=20200309021015
Portia,https://vignette.wikia.nocookie.net/animalcrossing/images/b/b4/Portia_NewLeaf_Official.png/revision/latest/scale-to-width-down/305?cb=20130721204752
Prince,https://vignette.wikia.nocookie.net/animalcrossing/images/7/7b/Prince_NewLeaf_Official.png/revision/latest?cb=20130721204925
Puck,https://vignette.wikia.nocookie.net/animalcrossing/images/4/4d/PuckNH.png/revision/latest?cb=20200330231824
Puddles,https://vignette.wikia.nocookie.net/animalcrossing/images/d/d1/Puddles_NewLeaf_Official.png/revision/latest?cb=20130721205303
Pudge,https://vignette.wikia.nocookie.net/animalcrossing/images/7/72/Pudge_NewLeaf_Official.png/revision/latest/scale-to-width-down/269?cb=20130721205448
Punchy,https://vignette.wikia.nocookie.net/animalcrossing/images/c/c2/-Punchy_-_Animal_Crossing_New_Leaf.png/revision/latest/scale-to-width-down/241?cb=20130708013206
Purrl,https://vignette.wikia.nocookie.net/animalcrossing/images/0/09/Purrlypurl.png/revision/latest/scale-to-width-down/237?cb=20130719081804
Queenie,https://vignette.wikia.nocookie.net/animalcrossing/images/f/f1/Queenie_NH.png/revision/latest/scale-to-width-down/271?cb=20200308185226
Quillson,https://vignette.wikia.nocookie.net/animalcrossing/images/5/5b/Quillson_HD.png/revision/latest/scale-to-width-down/350?cb=20180518162105
Raddle,https://vignette.wikia.nocookie.net/animalcrossing/images/3/32/Raddle_HD.png/revision/latest/scale-to-width-down/350?cb=20180518162935
Rasher,https://vignette.wikia.nocookie.net/animalcrossing/images/c/cd/Rasher_-_Animal_Crossing_New_Leaf.png/revision/latest/scale-to-width-down/276?cb=20130708042943
Raymond,https://vignette.wikia.nocookie.net/animalcrossing/images/2/2a/Raymond_NH.png/revision/latest?cb=20200317174731
Renee,https://vignette.wikia.nocookie.net/animalcrossing/images/e/ef/Ren%C3%A9e_NH.png/revision/latest/scale-to-width-down/350?cb=20200317172610
Reneigh,https://vignette.wikia.nocookie.net/animalcrossing/images/1/17/Reneigh.jpg/revision/latest?cb=20200228015638
Rex,https://vignette.wikia.nocookie.net/animalcrossing/images/a/aa/Rex_HD.png/revision/latest/scale-to-width-down/350?cb=20180518164520
Rhonda,https://vignette.wikia.nocookie.net/animalcrossing/images/d/df/Rhonda_NH.png/revision/latest/scale-to-width-down/335?cb=20200312014814
Ribbot,https://vignette.wikia.nocookie.net/animalcrossing/images/e/ef/Ribbot_NewLeaf_Official.png/revision/latest?cb=20130818042038
Ricky,https://vignette.wikia.nocookie.net/animalcrossing/images/8/8d/Ricky_NH.png/revision/latest?cb=20200309021120
Rizzo,https://vignette.wikia.nocookie.net/animalcrossing/images/9/99/Rizzo_NewLeaf_Official.png/revision/latest?cb=20130721210035
Roald,https://vignette.wikia.nocookie.net/animalcrossing/images/7/7e/ROALD_New_Horizons.png/revision/latest/scale-to-width-down/350?cb=20200224042135
Robin,https://vignette.wikia.nocookie.net/animalcrossing/images/d/da/Robin_NewLeaf_Official.png/revision/latest/scale-to-width-down/278?cb=20130721210225
Rocco,https://vignette.wikia.nocookie.net/animalcrossing/images/a/a5/Rocco_-_Animal_Crossing_New_Leaf.png/revision/latest/scale-to-width-down/350?cb=20130708043230
Rocket,https://vignette.wikia.nocookie.net/animalcrossing/images/a/a3/Rocket_HD.png/revision/latest/scale-to-width-down/350?cb=20180518163430
Rod,https://vignette.wikia.nocookie.net/animalcrossing/images/d/d7/Famitsu-magazine-scans-animal-crossing-new-horizons-january-villager-renders-0.png/revision/latest?cb=20200329092630
Rodeo,https://vignette.wikia.nocookie.net/animalcrossing/images/7/7f/Rodeo_-_Animal_Crossing_New_Leaf.png/revision/latest/scale-to-width-down/305?cb=20130708043412
Rodney,https://vignette.wikia.nocookie.net/animalcrossing/images/e/e4/Rodney_HHD.png/revision/latest?cb=20161013033914
Rolf,https://vignette.wikia.nocookie.net/animalcrossing/images/9/93/Rolf_NH.png/revision/latest/scale-to-width-down/288?cb=20200308194629
Rooney,https://vignette.wikia.nocookie.net/animalcrossing/images/3/3d/Rooney_HD.png/revision/latest/scale-to-width-down/350?cb=20180518163952
Rory,https://vignette.wikia.nocookie.net/animalcrossing/images/c/cc/Rory_NewLeaf_Official.png/revision/latest/scale-to-width-down/297?cb=20130721211327
Roscoe,https://vignette.wikia.nocookie.net/animalcrossing/images/3/3f/-Roscoe_-_Animal_Crossing_New_Leaf.png/revision/latest/scale-to-width-down/335?cb=20130708031445
Rosie,https://vignette.wikia.nocookie.net/animalcrossing/images/e/e6/NH-Rosie-Render.png/revision/latest?cb=20200324160932
Rowan,https://vignette.wikia.nocookie.net/animalcrossing/images/6/68/Nhrowan.png/revision/latest/scale-to-width-down/350?cb=20200317171739
Ruby,https://vignette.wikia.nocookie.net/animalcrossing/images/4/41/Ruby_NH.png/revision/latest/scale-to-width-down/252?cb=20200307202634
Rudy,https://vignette.wikia.nocookie.net/animalcrossing/images/3/35/Rudy_HD.png/revision/latest/scale-to-width-down/350?cb=20180917123841
Sally,https://vignette.wikia.nocookie.net/animalcrossing/images/a/a3/Sally_NH.png/revision/latest?cb=20200309012550
Samson,https://vignette.wikia.nocookie.net/animalcrossing/images/c/ca/Samson_NewLeaf_Official.png/revision/latest?cb=20130721211721
Sandy,https://vignette.wikia.nocookie.net/animalcrossing/images/a/a9/Sandy_NH.png/revision/latest/scale-to-width-down/261?cb=20200308185329
Savannah,https://vignette.wikia.nocookie.net/animalcrossing/images/9/9d/Savannah_NewLeaf_Official.png/revision/latest/scale-to-width-down/304?cb=20130818042146
Scoot,https://vignette.wikia.nocookie.net/animalcrossing/images/f/f7/Scoot_NewLeaf_Official.png/revision/latest?cb=20130721211852
Shari,https://vignette.wikia.nocookie.net/animalcrossing/images/e/e7/Shari_HD.png/revision/latest/scale-to-width-down/350?cb=20180518164657
Sheldon,https://vignette.wikia.nocookie.net/animalcrossing/images/c/ce/Sheldon_NH.png/revision/latest/scale-to-width-down/350?cb=20200309012427
Shep,https://vignette.wikia.nocookie.net/animalcrossing/images/9/9f/Shep.png/revision/latest?cb=20160504180744
Sherb,https://vignette.wikia.nocookie.net/animalcrossing/images/d/d6/Sherb.png/revision/latest?cb=20200406180522
Simon,https://vignette.wikia.nocookie.net/animalcrossing/images/9/97/Simon_NewLeaf_Official.png/revision/latest/scale-to-width-down/293?cb=20130721211951
Skye,https://vignette.wikia.nocookie.net/animalcrossing/images/a/aa/NH-icon-Skye_00.png/revision/latest/scale-to-width-down/248?cb=20200224182217
Sly,https://vignette.wikia.nocookie.net/animalcrossing/images/c/c6/Sly_HHD.png/revision/latest?cb=20161213012341
Snake,https://vignette.wikia.nocookie.net/animalcrossing/images/e/ec/Snake_NH.png/revision/latest/scale-to-width-down/257?cb=20200321203921
Snooty,https://vignette.wikia.nocookie.net/animalcrossing/images/2/21/Snooty_HD.png/revision/latest/scale-to-width-down/350?cb=20180518155926
Soleil,https://vignette.wikia.nocookie.net/animalcrossing/images/f/f8/Soleil_WA.png/revision/latest/scale-to-width-down/350?cb=20180505151740
Sparro,https://vignette.wikia.nocookie.net/animalcrossing/images/b/ba/Sparro_HD.png/revision/latest/scale-to-width-down/350?cb=20180613022323
Spike,https://vignette.wikia.nocookie.net/animalcrossing/images/f/f1/Spike_NH.png/revision/latest/scale-to-width-down/350?cb=20200317172328
Spork,https://vignette.wikia.nocookie.net/animalcrossing/images/a/a3/Spork_NewHorizons.png/revision/latest?cb=20200408191029
Sprinkle,https://vignette.wikia.nocookie.net/animalcrossing/images/d/d4/Sprinkle_HD.png/revision/latest/scale-to-width-down/350?cb=20180518165219
Sprocket,https://vignette.wikia.nocookie.net/animalcrossing/images/8/8b/Sprocket_NH.png/revision/latest/scale-to-width-down/267?cb=20200308185348
Static,https://vignette.wikia.nocookie.net/animalcrossing/images/6/68/Static_NH.png/revision/latest/scale-to-width-down/350?cb=20200317165528
Stella,https://vignette.wikia.nocookie.net/animalcrossing/images/9/95/Stella_NH.png/revision/latest/scale-to-width-down/350?cb=20200321205930
Sterling,https://vignette.wikia.nocookie.net/animalcrossing/images/4/4f/Sterling_NH.png/revision/latest/scale-to-width-down/350?cb=20200226235239
Stinky,https://vignette.wikia.nocookie.net/animalcrossing/images/b/bd/Stinky_NewLeaf_Official.png/revision/latest/scale-to-width-down/234?cb=20130721212602
Stitches,https://vignette.wikia.nocookie.net/animalcrossing/images/5/56/Stitches_NH.png/revision/latest?cb=20200413171903
Stu,https://vignette.wikia.nocookie.net/animalcrossing/images/3/3b/Stu_NewHorizons.png/revision/latest?cb=20200408105347
Sydney,https://vignette.wikia.nocookie.net/animalcrossing/images/b/bb/Sydney_NewLeaf_Official.png/revision/latest/scale-to-width-down/350?cb=20130721212702
Sylvana,https://vignette.wikia.nocookie.net/animalcrossing/images/f/fc/Sylvana_NH.png/revision/latest?cb=20200309023320
Sylvia,https://vignette.wikia.nocookie.net/animalcrossing/images/9/91/Sylvia_HD.png/revision/latest/scale-to-width-down/350?cb=20180518163917
Tabby,https://vignette.wikia.nocookie.net/animalcrossing/images/3/3e/-Tabby_-_Animal_Crossing_New_Leaf.png/revision/latest/scale-to-width-down/271?cb=20130708015816
Tad,https://vignette.wikia.nocookie.net/animalcrossing/images/d/d9/Tad_HD.png/revision/latest/scale-to-width-down/350?cb=20180518162800
Tammi,https://vignette.wikia.nocookie.net/animalcrossing/images/5/54/Tammi_NewLeaf_Official.png/revision/latest/scale-to-width-down/297?cb=20130818042257
Tammy,https://vignette.wikia.nocookie.net/animalcrossing/images/1/19/Tammy_HD.png/revision/latest/scale-to-width-down/350?cb=20180518161040
Tangy,https://vignette.wikia.nocookie.net/animalcrossing/images/1/13/Tangy_NewHorizons.png/revision/latest?cb=20200407165845
Tank,https://vignette.wikia.nocookie.net/animalcrossing/images/0/09/NH-Tank-Render.png/revision/latest/scale-to-width-down/315?cb=20200202220541
T-Bone,https://vignette.wikia.nocookie.net/animalcrossing/images/0/09/TBone_NewLeaf_Official.png/revision/latest/scale-to-width-down/303?cb=20130721212940
Tasha,https://vignette.wikia.nocookie.net/animalcrossing/images/4/45/Tasha.png/revision/latest/scale-to-width-down/350?cb=20200309023350
Teddy,https://vignette.wikia.nocookie.net/animalcrossing/images/0/0f/-Teddy_-_Animal_Crossing_New_Leaf.png/revision/latest/scale-to-width-down/241?cb=20130708013554
Tex,https://vignette.wikia.nocookie.net/animalcrossing/images/7/74/Tex_HD.png/revision/latest/scale-to-width-down/350?cb=20180518165202
Tia,https://vignette.wikia.nocookie.net/animalcrossing/images/e/ef/Tia_HD.png/revision/latest/scale-to-width-down/350?cb=20180518162559
Tiffany,https://vignette.wikia.nocookie.net/animalcrossing/images/f/f0/Tiffany_NH.png/revision/latest/scale-to-width-down/265?cb=20200321104144
Timbra,https://vignette.wikia.nocookie.net/animalcrossing/images/6/6f/Timbra_NH.png/revision/latest/scale-to-width-down/350?cb=20200312022209
Tipper,https://vignette.wikia.nocookie.net/animalcrossing/images/2/23/Tipper_-_Animal_Crossing_New_Leaf.png/revision/latest/scale-to-width-down/340?cb=20130708044642
Tom,https://vignette.wikia.nocookie.net/animalcrossing/images/7/76/Tom_HD.png/revision/latest/scale-to-width-down/350?cb=20181027223027
Truffles,https://vignette.wikia.nocookie.net/animalcrossing/images/6/6b/Truffles_NewLeaf_Official.png/revision/latest/scale-to-width-down/307?cb=20130806164452
Tucker,https://vignette.wikia.nocookie.net/animalcrossing/images/6/60/Tucker_HD.png/revision/latest/scale-to-width-down/350?cb=20180518162550
Tutu,https://vignette.wikia.nocookie.net/animalcrossing/images/2/2c/Tutu.png/revision/latest/scale-to-width-down/300?cb=20130718140022
Twiggy,https://vignette.wikia.nocookie.net/animalcrossing/images/2/26/Twiggy_NewLeaf_Official.png/revision/latest?cb=20130818075928
Tybalt,https://vignette.wikia.nocookie.net/animalcrossing/images/1/1c/Tybalt.png/revision/latest/scale-to-width-down/289?cb=20200308194935
Ursala,https://vignette.wikia.nocookie.net/animalcrossing/images/b/bd/Ursala_HD.png/revision/latest/scale-to-width-down/350?cb=20180518170342
Velma,https://vignette.wikia.nocookie.net/animalcrossing/images/8/89/Velma_NewLeaf_Official.png/revision/latest/scale-to-width-down/312?cb=20130721213040
Vesta,https://vignette.wikia.nocookie.net/animalcrossing/images/0/09/NH-Vesta-Render.png/revision/latest/scale-to-width-down/350?cb=20200222193555
Vic,https://vignette.wikia.nocookie.net/animalcrossing/images/5/5f/Vic_HHD.png/revision/latest?cb=20160624002946
Victoria,https://vignette.wikia.nocookie.net/animalcrossing/images/1/19/Victoria_NewLeaf_Official.png/revision/latest/scale-to-width-down/324?cb=20130721213141
Violet,https://vignette.wikia.nocookie.net/animalcrossing/images/2/2c/Violet_NewLeaf_Official.png/revision/latest/scale-to-width-down/318?cb=20130721213423
Vivian,https://vignette.wikia.nocookie.net/animalcrossing/images/d/d3/NH-icon-Vivian_00.png/revision/latest/scale-to-width-down/248?cb=20200224182316
Vladmir,https://vignette.wikia.nocookie.net/animalcrossing/images/2/27/Vladimir_NewLeaf_Official.png/revision/latest/scale-to-width-down/266?cb=20130721213611
Wade,https://vignette.wikia.nocookie.net/animalcrossing/images/b/bb/Wade_HD.png/revision/latest/scale-to-width-down/350?cb=20180518165210
Walker,https://vignette.wikia.nocookie.net/animalcrossing/images/a/ae/Walker_-_Animal_Crossing_New_Leaf.png/revision/latest/scale-to-width-down/306?cb=20130708045047
Walt,https://vignette.wikia.nocookie.net/animalcrossing/images/d/dd/Walt_HD.png/revision/latest/scale-to-width-down/350?cb=20180518164043
Wart_Jr,https://vignette.wikia.nocookie.net/animalcrossing/images/e/e5/WartJr_NewLeaf_Official.png/revision/latest?cb=20130818042408
Weber,https://vignette.wikia.nocookie.net/animalcrossing/images/c/c2/Weber_HD.png/revision/latest/scale-to-width-down/350?cb=20180410104325
Wendy,https://vignette.wikia.nocookie.net/animalcrossing/images/2/23/Wendy_NH.png/revision/latest/scale-to-width-down/350?cb=20200312022248
Winnie,https://vignette.wikia.nocookie.net/animalcrossing/images/6/60/Winnie_NewLeaf_Official.png/revision/latest/scale-to-width-down/297?cb=20130726030905
Whitney,https://vignette.wikia.nocookie.net/animalcrossing/images/0/06/NH-icon-Whitney_00.png/revision/latest/scale-to-width-down/248?cb=20200224182330
Willow,https://vignette.wikia.nocookie.net/animalcrossing/images/6/62/Willow_NH.png/revision/latest?cb=20200321210031
Wolfgang,https://vignette.wikia.nocookie.net/animalcrossing/images/7/7d/NH-icon-Wolfgang_00.png/revision/latest/scale-to-width-down/248?cb=20200224182348
Yuka,https://vignette.wikia.nocookie.net/animalcrossing/images/b/b1/Yuka_HD.png/revision/latest/scale-to-width-down/350?cb=20180518164201
Zell,https://vignette.wikia.nocookie.net/animalcrossing/images/6/68/Zell.png/revision/latest?cb=20130605214411
Zucker,https://vignette.wikia.nocookie.net/animalcrossing/images/8/8e/NH-icon-Zucker-00.png/revision/latest/scale-to-width-down/299?cb=20200224185341